,status,depot,yyyymm,count
0,充電中,高雄站,2015-07,4.802651641222666
1,值勤中,高雄站,2015-07,62.94975632142976
2,備用中,高雄站,2015-07,10.73611601553781
3,閒置中,高雄站,2015-07,8.291071108790948
4,充電中,楠梓站,2015-07,80.65763183800603
5,值勤中,楠梓站,2015-07,76.4026962422469
6,備用中,楠梓站,2015-07,12.84832132957181
7,閒置中,楠梓站,2015-07,13.701166628210304
